R,T,N,time,throughput
5000,1,1,0.389873,12824.7
5000,1,2,0.383403,13041.1
5000,1,4,0.376023,13297.1
5000,4,1,1.14504,17466.6
5000,4,2,0.68837,29054.1
5000,4,4,0.47968,41694.5
5000,10,1,2.70463,18486.8
5000,10,2,1.72009,29068.2
5000,10,4,1.09309,45741.9
5000,50,1,13.0745,19121.2
5000,50,2,7.94843,31452.8
5000,50,4,5.3318,46888.5
500,1,1,0.0434413,11509.8
500,1,2,0.0413933,12079.2
500,1,4,0.0421803,11853.9
500,4,1,0.119573,16726.2
500,4,2,0.0726887,27514.6
500,4,4,0.0526077,38017.2
500,10,1,0.286483,17453
500,10,2,0.180611,27683.8
500,10,4,0.116431,42943.9
500,50,1,1.40342,17813.6
500,50,2,0.848137,29476.4
500,50,4,0.5816,42984.9
100,1,1,0.013051,7662.25
100,1,2,0.0130092,7686.87
100,1,4,0.0128113,7805.61
100,4,1,0.0277991,14389
100,4,2,0.0188254,21247.9
100,4,4,0.0150383,26598.8
100,10,1,0.0613973,16287.4
100,10,2,0.0400723,24954.9
100,10,4,0.0260997,38314.6
100,50,1,0.288671,17320.8
100,50,2,0.174942,28580.9
100,50,4,0.121849,41034.4
