R,T,N,K,time,throughput
5000,1,1,1,0.37312,13400.5
5000,1,1,4,0.406723,12293.4
5000,1,1,16,0.38853,12869
5000,1,1,64,0.392023,12754.4
5000,1,2,1,0.38554,12968.8
5000,1,2,4,0.378807,13199.3
5000,1,2,16,0.369497,13531.9
5000,1,2,64,0.370337,13501.2
5000,1,4,1,0.374467,13352.3
5000,1,4,4,0.37241,13426.1
5000,1,4,16,0.377793,13234.8
5000,1,4,64,0.36927,13540.2
5000,4,1,1,1.01337,19736.1
5000,4,1,4,1.21022,16525.9
5000,4,1,16,1.14147,17521.3
5000,4,1,64,1.141,17528.5
5000,4,2,1,0.762817,26218.6
5000,4,2,4,0.757607,26398.9
5000,4,2,16,0.750103,26663
5000,4,2,64,0.682613,29299.2
5000,4,4,1,0.760023,26315
5000,4,4,4,0.55979,35727.7
5000,4,4,16,0.56302,35522.7
5000,4,4,64,0.573683,34862.5
5000,10,1,1,2.56319,19506.9
5000,10,1,4,2.73109,18307.7
5000,10,1,16,2.75796,18129.3
5000,10,1,64,2.70781,18465.1
5000,10,2,1,1.86894,26753.1
5000,10,2,4,1.76864,28270.3
5000,10,2,16,1.81753,27509.9
5000,10,2,64,1.82372,27416.5
5000,10,4,1,2.02297,24716.1
5000,10,4,4,1.39574,35823.3
5000,10,4,16,1.28955,38773.2
5000,10,4,64,1.40037,35704.8
5000,50,1,1,12.2086,20477.4
5000,50,1,4,13.6868,18265.8
5000,50,1,16,13.5071,18508.8
5000,50,1,64,13.3081,18785.6
5000,50,2,1,9.2711,26965.5
5000,50,2,4,8.2968,30132.1
5000,50,2,16,8.05167,31049.5
5000,50,2,64,8.17927,30565.1
5000,50,4,1,9.9704,25074.2
5000,50,4,4,5.42627,46072.2
5000,50,4,16,5.87513,42552.2
5000,50,4,64,6.20207,40309.1
500,1,1,1,0.044903,11135.1
500,1,1,4,0.0436983,11442.1
500,1,1,16,0.0436333,11459.1
500,1,1,64,0.0478053,10459.1
500,1,2,1,0.0455723,10971.6
500,1,2,4,0.0438453,11403.7
500,1,2,16,0.045114,11083
500,1,2,64,0.0425613,11747.8
500,1,4,1,0.0452973,11038.2
500,1,4,4,0.0442463,11300.4
500,1,4,16,0.0427217,11703.7
500,1,4,64,0.0431933,11575.9
500,4,1,1,0.109697,18232
500,4,1,4,0.129265,15472.1
500,4,1,16,0.125528,15932.7
500,4,1,64,0.122504,16326
500,4,2,1,0.103885,19252.1
500,4,2,4,0.0892937,22398
500,4,2,16,0.0792833,25226
500,4,2,64,0.077974,25649.6
500,4,4,1,0.080875,24729.5
500,4,4,4,0.052829,37858
500,4,4,16,0.058313,34297.7
500,4,4,64,0.061384,32581.8
500,10,1,1,0.261873,19093.2
500,10,1,4,0.284946,17547.2
500,10,1,16,0.298844,16731.1
500,10,1,64,0.291249,17167.4
500,10,2,1,0.214654,23293.3
500,10,2,4,0.177788,28123.4
500,10,2,16,0.18716,26715.1
500,10,2,64,0.194573,25697.3
500,10,4,1,0.188966,26459.8
500,10,4,4,0.105187,47534.4
500,10,4,16,0.121028,41312.8
500,10,4,64,0.118039,42358.9
500,50,1,1,1.29943,19239.2
500,50,1,4,1.38274,18080
500,50,1,16,1.35553,18443
500,50,1,64,1.39659,17900.7
500,50,2,1,1.09732,22782.8
500,50,2,4,0.879387,28428.9
500,50,2,16,0.91112,27438.8
500,50,2,64,0.929867,26885.6
500,50,4,1,1.17126,21344.5
500,50,4,4,0.536077,46635.1
500,50,4,16,0.599133,41727
500,50,4,64,0.645313,38740.9
100,1,1,1,0.0128926,7756.39
100,1,1,4,0.0134211,7450.95
100,1,1,16,0.0131276,7617.54
100,1,1,64,0.0127478,7844.49
100,1,2,1,0.0127364,7851.51
100,1,2,4,0.0128748,7767.11
100,1,2,16,0.0129425,7726.48
100,1,2,64,0.0127966,7814.58
100,1,4,1,0.0128924,7756.51
100,1,4,4,0.012821,7799.7
100,1,4,16,0.0128907,7757.53
100,1,4,64,0.0127979,7813.78
100,4,1,1,0.0254961,15688.7
100,4,1,4,0.0290127,13787.1
100,4,1,16,0.027356,14622
100,4,1,64,0.0276326,14475.7
100,4,2,1,0.0194895,20523.9
100,4,2,4,0.018935,21124.9
100,4,2,16,0.0187835,21295.3
100,4,2,64,0.0201287,19872.1
100,4,4,1,0.0197346,20269
100,4,4,4,0.01511,26472.5
100,4,4,16,0.014744,27129.7
100,4,4,64,0.0148946,26855.4
100,10,1,1,0.0610273,16386.1
100,10,1,4,0.0672893,14861.2
100,10,1,16,0.0614907,16262.6
100,10,1,64,0.0615227,16254.2
100,10,2,1,0.0411963,24274
100,10,2,4,0.037775,26472.5
100,10,2,16,0.0395237,25301.3
100,10,2,64,0.039808,25120.6
100,10,4,1,0.040717,24559.8
100,10,4,4,0.0249573,40068.4
100,10,4,16,0.0270441,36976.6
100,10,4,64,0.0273156,36609.1
100,50,1,1,0.255146,19596.6
100,50,1,4,0.278537,17950.9
100,50,1,16,0.279053,17917.7
100,50,1,64,0.284601,17568.5
100,50,2,1,0.186725,26777.3
100,50,2,4,0.173238,28862
100,50,2,16,0.173084,28887.7
100,50,2,64,0.184283,27132.2
100,50,4,1,0.197929,25261.6
100,50,4,4,0.104385,47899.6
100,50,4,16,0.123414,40514
100,50,4,64,0.151846,32928.1
